{
    "metadata": {
        "formatVersion": 3.1,
        "generatedBy": "Cinema 4D Exporter 0.0.3"
    },
    "vertices": [
        -119.63046,
        -2.703534,
        133.863244,
        -119.63046,
        113.296466,
        133.863244,
        118.36954,
        -2.703534,
        133.863244,
        118.36954,
        113.296466,
        133.863244,
        118.36954,
        -2.703534,
        -50.136756,
        118.36954,
        113.296466,
        -50.136756,
        -119.63046,
        -2.703534,
        -50.136756,
        -119.63046,
        113.296466,
        -50.136756
    ],
    "normals": [
        0.0,
        0.0,
        1.0,
        0.0,
        0.0,
        1.0,
        0.0,
        0.0,
        1.0,
        1.0,
        0.0,
        -0.0,
        1.0,
        0.0,
        -0.0,
        1.0,
        0.0,
        -0.0,
        0.0,
        -1.0,
        -0.0,
        0.0,
        -1.0,
        -0.0,
        0.0,
        -1.0,
        -0.0,
        -1.0,
        0.0,
        -0.0,
        -1.0,
        0.0,
        -0.0,
        -1.0,
        0.0,
        -0.0,
        0.0,
        1.0,
        -0.0,
        0.0,
        1.0,
        -0.0,
        0.0,
        1.0,
        -0.0,
        0.0,
        0.0,
        1.0,
        0.0,
        0.0,
        1.0,
        0.0,
        0.0,
        1.0,
        1.0,
        0.0,
        -0.0,
        1.0,
        0.0,
        -0.0,
        1.0,
        0.0,
        -0.0,
        0.0,
        -1.0,
        -0.0,
        0.0,
        -1.0,
        -0.0,
        0.0,
        -1.0,
        -0.0,
        -1.0,
        0.0,
        -0.0,
        -1.0,
        0.0,
        -0.0,
        -1.0,
        0.0,
        -0.0,
        0.0,
        1.0,
        -0.0,
        0.0,
        1.0,
        -0.0,
        0.0,
        1.0,
        -0.0
    ],
    "uvs": [
        [
            1.0,
            1.0,
            0.0,
            1.0,
            0.0,
            0.0,
            1.0,
            0.0
        ]
    ],
    "faces": [
        40,
        3,
        1,
        0,
        0,
        1,
        2,
        0,
        1,
        2,
        40,
        5,
        3,
        2,
        0,
        1,
        2,
        3,
        4,
        5,
        40,
        2,
        0,
        6,
        0,
        1,
        2,
        6,
        7,
        8,
        40,
        1,
        7,
        6,
        0,
        1,
        2,
        9,
        10,
        11,
        40,
        5,
        7,
        1,
        0,
        1,
        2,
        12,
        13,
        14,
        40,
        2,
        3,
        0,
        3,
        0,
        2,
        15,
        16,
        17,
        40,
        4,
        5,
        2,
        3,
        0,
        2,
        18,
        19,
        20,
        40,
        4,
        2,
        6,
        3,
        0,
        2,
        21,
        22,
        23,
        40,
        0,
        1,
        6,
        3,
        0,
        2,
        24,
        25,
        26,
        40,
        3,
        5,
        1,
        3,
        0,
        2,
        27,
        28,
        29
    ]
}